<?xml version="1.0" encoding="UTF-8"?>
<beans xmlns="http://www.springframework.org/schema/beans"
	xmlns:xsi="http://www.w3.org/2001/XMLSchema-instance"
	xmlns:aop="http://www.springframework.org/schema/aop"
	xmlns:context="http://www.springframework.org/schema/context"
	xmlns:jdbc="http://www.springframework.org/schema/jdbc"
	xmlns:mybatis-spring="http://mybatis.org/schema/mybatis-spring"
	xmlns:tx="http://www.springframework.org/schema/tx"
	xsi:schemaLocation="http://www.springframework.org/schema/jdbc http://www.springframework.org/schema/jdbc/spring-jdbc-4.3.xsd
		http://mybatis.org/schema/mybatis-spring http://mybatis.org/schema/mybatis-spring-1.2.xsd
		http://www.springframework.org/schema/beans https://www.springframework.org/schema/beans/spring-beans.xsd
		http://www.springframework.org/schema/context http://www.springframework.org/schema/context/spring-context-4.3.xsd
		http://www.springframework.org/schema/aop http://www.springframework.org/schema/aop/spring-aop-4.3.xsd
		http://www.springframework.org/schema/tx http://www.springframework.org/schema/tx/spring-tx-4.3.xsd">
	
	<bean id="dataSource" class="org.springframework.jdbc.datasource.DriverManagerDataSource">
	  <property name="driverClassName" value="net.sf.log4jdbc.sql.jdbcapi.DriverSpy" />
	  <property name="url" value="jdbc:log4jdbc:mysql://localhost:3306/study?characterEncoding=utf-8&amp;serverTimezone=UTC" />
	  <property name="username" value="아이디" />
	  <property name="password" value="패스워드" />
	</bean>

	<!-- Mysql <-> Mybatis를 연결해주는 객체 -->
	<bean id="sqlSessionFactory" class="org.mybatis.spring.SqlSessionFactoryBean">
		<property name="dataSource" ref="dataSource" />
	    <property name="configLocation" value="classpath:mybatis-config.xml" />
		<property name="mapperLocations" value="classpath:/mapper/**/*Mapper.xml" />
	</bean>
	
 	<bean id="sqlSession" class="org.mybatis.spring.SqlSessionTemplate" destroy-method="clearCache">
		<constructor-arg name="sqlSessionFactory" ref="sqlSessionFactory" />
	</bean>
	
	<context:component-scan base-package="com.member.dao"></context:component-scan>
	<context:component-scan base-package="com.member.service"></context:component-scan>
	
	<!-- <mybatis-spring:scan base-package="com.member.dao"/> -->

</beans>
